;category;month;pageimpressions;CR;cat_id
0;Herren-Halbschuhe;1.0;86496.0;0.239571772105068;1
1;Herren-Halbschuhe;2.0;75529.0;0.240967045770499;1
2;Herren-Halbschuhe;3.0;84195.0;0.232252031212292;1
3;Herren-Halbschuhe;4.0;92861.0;0.226736735550985;1
4;Herren-Halbschuhe;5.0;93876.0;0.244609910946355;1
5;Herren-Halbschuhe;6.0;73075.0;0.209825521724256;1
6;Herren-Halbschuhe;7.0;81014.0;0.205211444935443;1
7;Herren-Halbschuhe;8.0;86341.0;0.210548870177552;1
8;Herren-Halbschuhe;9.0;92675.0;0.219239277043431;1
9;Herren-Halbschuhe;10.0;99431.0;0.221409821886534;1
10;Herren-Halbschuhe;11.0;103734.0;0.22530703530183;1
11;Herren-Halbschuhe;12.0;82945.0;0.217553800711315;1
12;Homöopathie;1.0;103045.0;0.346955213741569;2
13;Homöopathie;2.0;91365.0;0.365522902643244;2
14;Homöopathie;3.0;102770.0;0.356232363530213;2
15;Homöopathie;4.0;97353.0;0.343666861832712;2
16;Homöopathie;5.0;99076.0;0.393687674108765;2
17;Homöopathie;6.0;85304.0;0.370498452593079;2
18;Homöopathie;7.0;75536.0;0.41130057191273;2
19;Homöopathie;8.0;73246.0;0.436378778363324;2
20;Homöopathie;9.0;75963.0;0.439319142213973;2
21;Homöopathie;10.0;85579.0;0.433307236588415;2
22;Homöopathie;11.0;89831.0;0.455076755240396;2
23;Homöopathie;12.0;78674.0;0.464537204158934;2
24;Kapselmaschinen;1.0;97562.0;0.203378364527172;3
25;Kapselmaschinen;2.0;77435.0;0.215186930974366;3
26;Kapselmaschinen;3.0;87328.0;0.205340784170026;3
27;Kapselmaschinen;4.0;77147.0;0.205542665301308;3
28;Kapselmaschinen;5.0;76091.0;0.208513490425937;3
29;Kapselmaschinen;6.0;56431.0;0.203452003331502;3
30;Kapselmaschinen;7.0;69054.0;0.212312103571118;3
31;Kapselmaschinen;8.0;67095.0;0.231388329979879;3
32;Kapselmaschinen;9.0;78659.0;0.220966450120139;3
33;Kapselmaschinen;10.0;88600.0;0.222821670428894;3
34;Kapselmaschinen;11.0;144649.0;0.203195321087598;3
35;Kapselmaschinen;12.0;135537.0;0.191386853774246;3
36;Magen-Darm-Medikamente;1.0;103019.0;0.322125044894631;4
37;Magen-Darm-Medikamente;2.0;81637.0;0.345321361637493;4
38;Magen-Darm-Medikamente;3.0;92948.0;0.335284244954168;4
39;Magen-Darm-Medikamente;4.0;87816.0;0.314065773890863;4
40;Magen-Darm-Medikamente;5.0;94759.0;0.357401407781847;4
41;Magen-Darm-Medikamente;6.0;79523.0;0.405354425763616;4
42;Magen-Darm-Medikamente;7.0;80942.0;0.410133181784488;4
43;Magen-Darm-Medikamente;8.0;81314.0;0.396408737504628;4
44;Magen-Darm-Medikamente;9.0;81686.0;0.384827265382073;4
45;Magen-Darm-Medikamente;10.0;88467.0;0.386392666191913;4
46;Magen-Darm-Medikamente;11.0;91995.0;0.4060655470406;4
47;Magen-Darm-Medikamente;12.0;86511.0;0.412433100992937;4
48;Thermostate;1.0;139182.0;0.236783492118234;5
49;Thermostate;2.0;79301.0;0.242632501481696;5
50;Thermostate;3.0;71431.0;0.218588567988688;5
51;Thermostate;4.0;48144.0;0.218739614489864;5
52;Thermostate;5.0;46641.0;0.230097982461783;5
53;Thermostate;6.0;28527.0;0.219967048760823;5
54;Thermostate;7.0;38415.0;0.228140049459846;5
55;Thermostate;8.0;36296.0;0.228675336125193;5
56;Thermostate;9.0;85005.0;0.275830833480384;5
57;Thermostate;10.0;141154.0;0.286977343893903;5
58;Thermostate;11.0;198966.0;0.251520360262557;5
59;Thermostate;12.0;136228.0;0.238798191267581;5
60;Autobatterien;1.0;140228.0;0.367850928487891;6
61;Autobatterien;2.0;81306.0;0.357107716527686;6
62;Autobatterien;3.0;78226.0;0.371935162222279;6
63;Autobatterien;4.0;76142.0;0.358934622153345;6
64;Autobatterien;5.0;69188.0;0.345146557206452;6
65;Autobatterien;6.0;58077.0;0.357129328305525;6
66;Autobatterien;7.0;65244.0;0.348752375697382;6
67;Autobatterien;8.0;73631.0;0.321780228436392;6
68;Autobatterien;9.0;81170.0;0.342564987064186;6
69;Autobatterien;10.0;98347.0;0.386051430140218;6
70;Autobatterien;11.0;119610.0;0.406178413176156;6
71;Autobatterien;12.0;100076.0;0.425356728886047;6
72;Fahrradanhänger;1.0;47370.0;0.208275279712898;7
73;Fahrradanhänger;2.0;76074.0;0.222638483581776;7
74;Fahrradanhänger;3.0;116351.0;0.214222481972652;7
75;Fahrradanhänger;4.0;128448.0;0.245959454409567;7
76;Fahrradanhänger;5.0;109791.0;0.243435254255813;7
77;Fahrradanhänger;6.0;100654.0;0.24523615554275;7
78;Fahrradanhänger;7.0;117430.0;0.222404836924125;7
79;Fahrradanhänger;8.0;100878.0;0.234114474910288;7
80;Fahrradanhänger;9.0;72074.0;0.214987374087743;7
81;Fahrradanhänger;10.0;59021.0;0.222446247945646;7
82;Fahrradanhänger;11.0;58355.0;0.241573129980293;7
83;Fahrradanhänger;12.0;46922.0;0.224393674608925;7
84;Gartenhäuser;1.0;44304.0;0.228805525460455;8
85;Gartenhäuser;2.0;73293.0;0.268838770414637;8
86;Gartenhäuser;3.0;136358.0;0.270530515261297;8
87;Gartenhäuser;4.0;127542.0;0.280378228348309;8
88;Gartenhäuser;5.0;116835.0;0.276817734411777;8
89;Gartenhäuser;6.0;87774.0;0.267277325859594;8
90;Gartenhäuser;7.0;90911.0;0.263499466511203;8
91;Gartenhäuser;8.0;95003.0;0.269023083481574;8
92;Gartenhäuser;9.0;84584.0;0.26370235505533;8
93;Gartenhäuser;10.0;65254.0;0.27598308149692;8
94;Gartenhäuser;11.0;48800.0;0.244959016393443;8
95;Gartenhäuser;12.0;38525.0;0.223387410772226;8
96;Gelenk- & Muskelpräparate;1.0;98846.0;0.266667341116484;9
97;Gelenk- & Muskelpräparate;2.0;84354.0;0.283068971240249;9
98;Gelenk- & Muskelpräparate;3.0;95773.0;0.272153947354682;9
99;Gelenk- & Muskelpräparate;4.0;89059.0;0.264554957949225;9
100;Gelenk- & Muskelpräparate;5.0;94063.0;0.306624283724738;9
101;Gelenk- & Muskelpräparate;6.0;67680.0;0.347251773049645;9
102;Gelenk- & Muskelpräparate;7.0;73107.0;0.34791470037069;9
103;Gelenk- & Muskelpräparate;8.0;74058.0;0.332644683896406;9
104;Gelenk- & Muskelpräparate;9.0;76034.0;0.313478180813846;9
105;Gelenk- & Muskelpräparate;10.0;90463.0;0.303405812321059;9
106;Gelenk- & Muskelpräparate;11.0;86296.0;0.334314452581811;9
107;Gelenk- & Muskelpräparate;12.0;78549.0;0.354059249640352;9
108;PC-Gehäuse;1.0;108966.0;0.195290274030432;10
109;PC-Gehäuse;2.0;78883.0;0.208067644486138;10
110;PC-Gehäuse;3.0;86123.0;0.189821534317198;10
111;PC-Gehäuse;4.0;65694.0;0.185648613267574;10
112;PC-Gehäuse;5.0;67402.0;0.189935016765081;10
113;PC-Gehäuse;6.0;57144.0;0.180526389472211;10
114;PC-Gehäuse;7.0;71286.0;0.194680582442555;10
115;PC-Gehäuse;8.0;79295.0;0.199697332744814;10
116;PC-Gehäuse;9.0;77677.0;0.206032673764435;10
117;PC-Gehäuse;10.0;79414.0;0.217253884705468;10
118;PC-Gehäuse;11.0;113363.0;0.221174457274419;10
119;PC-Gehäuse;12.0;116906.0;0.244161976288642;10
120;Fritteusen;1.0;124588.0;0.196006035894308;11
121;Fritteusen;2.0;70534.0;0.232994017069782;11
122;Fritteusen;3.0;85528.0;0.212246281919371;11
123;Fritteusen;4.0;66152.0;0.198089249002298;11
124;Fritteusen;5.0;61778.0;0.215950662047978;11
125;Fritteusen;6.0;46845.0;0.221667200341552;11
126;Fritteusen;7.0;69031.0;0.206255160724892;11
127;Fritteusen;8.0;54113.0;0.209154916563488;11
128;Fritteusen;9.0;59657.0;0.216504349866738;11
129;Fritteusen;10.0;109137.0;0.237006152849741;11
130;Fritteusen;11.0;158617.0;0.221539935820246;11
131;Fritteusen;12.0;127055.0;0.252205737672661;11
132;Hochstühle;1.0;101493.0;0.230045421851753;12
133;Hochstühle;2.0;76508.0;0.219441104198254;12
134;Hochstühle;3.0;92569.0;0.221586060128121;12
135;Hochstühle;4.0;70298.0;0.227630942558821;12
136;Hochstühle;5.0;70216.0;0.23182750370286;12
137;Hochstühle;6.0;58433.0;0.242037889548714;12
138;Hochstühle;7.0;74900.0;0.239092122830441;12
139;Hochstühle;8.0;74915.0;0.238844023226323;12
140;Hochstühle;9.0;77924.0;0.243801652892562;12
141;Hochstühle;10.0;80802.0;0.239140120294052;12
142;Hochstühle;11.0;122147.0;0.230910296609823;12
143;Hochstühle;12.0;97481.0;0.231614365876427;12
144;Funktionsunterwäsche;1.0;157065.0;0.15561710120014;13
145;Funktionsunterwäsche;2.0;110573.0;0.162860734537364;13
146;Funktionsunterwäsche;3.0;82104.0;0.187274676020657;13
147;Funktionsunterwäsche;4.0;49660.0;0.223600483286347;13
148;Funktionsunterwäsche;5.0;54079.0;0.214075704062575;13
149;Funktionsunterwäsche;6.0;59854.0;0.156631135763692;13
150;Funktionsunterwäsche;7.0;72965.0;0.149249640238471;13
151;Funktionsunterwäsche;8.0;71921.0;0.164917061776115;13
152;Funktionsunterwäsche;9.0;57420.0;0.203030303030303;13
153;Funktionsunterwäsche;10.0;73666.0;0.187304862487443;13
154;Funktionsunterwäsche;11.0;92629.0;0.208919452871131;13
155;Funktionsunterwäsche;12.0;108369.0;0.178621192407423;13
156;Motorsensen;1.0;17014.0;0.19989420477254;14
157;Motorsensen;2.0;20827.0;0.24069717194027;14
158;Motorsensen;3.0;43686.0;0.253536602115094;14
159;Motorsensen;4.0;103653.0;0.264054103595651;14
160;Motorsensen;5.0;203845.0;0.286918982560279;14
161;Motorsensen;6.0;206145.0;0.31554488345582;14
162;Motorsensen;7.0;132002.0;0.292533446462932;14
163;Motorsensen;8.0;102163.0;0.275031077787457;14
164;Motorsensen;9.0;63678.0;0.260168346995823;14
165;Motorsensen;10.0;43567.0;0.260678954254367;14
166;Motorsensen;11.0;30723.0;0.236728184096605;14
167;Motorsensen;12.0;21698.0;0.23361600147479;14
168;Herren-Stiefel;1.0;119640.0;0.265588431962554;15
169;Herren-Stiefel;2.0;59948.0;0.260325615533462;15
170;Herren-Stiefel;3.0;43771.0;0.237211852596468;15
171;Herren-Stiefel;4.0;28011.0;0.219199600157081;15
172;Herren-Stiefel;5.0;25373.0;0.234501241477161;15
173;Herren-Stiefel;6.0;16604.0;0.210672127198265;15
174;Herren-Stiefel;7.0;24637.0;0.223160287372651;15
175;Herren-Stiefel;8.0;33061.0;0.206194609963401;15
176;Herren-Stiefel;9.0;76775.0;0.20985998046239;15
177;Herren-Stiefel;10.0;141026.0;0.22310070483457;15
178;Herren-Stiefel;11.0;223657.0;0.234180016722034;15
179;Herren-Stiefel;12.0;177042.0;0.249347612430949;15
180;Sportnahrung;1.0;103266.0;0.285224565684737;16
181;Sportnahrung;2.0;87692.0;0.293276467636729;16
182;Sportnahrung;3.0;99218.0;0.285180108448064;16
183;Sportnahrung;4.0;91656.0;0.284989526053941;16
184;Sportnahrung;5.0;89085.0;0.279687938485716;16
185;Sportnahrung;6.0;74382.0;0.284786641929499;16
186;Sportnahrung;7.0;84263.0;0.28460890307727;16
187;Sportnahrung;8.0;76068.0;0.294433927538518;16
188;Sportnahrung;9.0;67697.0;0.281061199166876;16
189;Sportnahrung;10.0;69436.0;0.276239990782879;16
190;Sportnahrung;11.0;74495.0;0.279414725820525;16
191;Sportnahrung;12.0;50739.0;0.29326553538698;16
192;Spülen;1.0;71150.5;0.260815383495852;17
193;Spülen;2.0;91562.0;0.26403966711081;17
194;Spülen;3.0;97770.0;0.259087654699806;17
195;Spülen;4.0;79322.0;0.264491566022037;17
196;Spülen;5.0;77624.0;0.265652375553952;17
197;Spülen;6.0;56825.0;0.265956885173779;17
198;Spülen;7.0;66446.0;0.265207837943593;17
199;Spülen;8.0;70944.0;0.265519282814614;17
200;Spülen;9.0;70761.0;0.270699961843388;17
201;Spülen;10.0;79309.0;0.255567962155867;17
202;Spülen;11.0;87857.0;0.271372798980161;17
203;Spülen;12.0;71358.0;0.284831413436475;17
204;Gartenlampen;1.0;83651.0;0.280474829948237;18
205;Gartenlampen;2.0;83298.5;0.273697067144911;18
206;Gartenlampen;3.0;82946.0;0.261013189303884;18
207;Gartenlampen;4.0;80812.0;0.261990793446518;18
208;Gartenlampen;5.0;73005.0;0.274309978768577;18
209;Gartenlampen;6.0;63999.0;0.271972999578118;18
210;Gartenlampen;7.0;70247.0;0.272666448389255;18
211;Gartenlampen;8.0;73231.0;0.270268055877975;18
212;Gartenlampen;9.0;76074.0;0.266674553724006;18
213;Gartenlampen;10.0;90024.0;0.280147516217897;18
214;Gartenlampen;11.0;108851.0;0.26644679424167;18
215;Gartenlampen;12.0;93995.0;0.265971594233736;18
216;Bestecke;1.0;109343.0;0.223690588332129;19
217;Bestecke;2.0;68012.0;0.233208845497853;19
218;Bestecke;3.0;71481.0;0.230858549824429;19
219;Bestecke;4.0;63153.0;0.229490285497126;19
220;Bestecke;5.0;64833.0;0.23390865762806;19
221;Bestecke;6.0;51157.0;0.23762143988115;19
222;Bestecke;7.0;63732.0;0.219967990962154;19
223;Bestecke;8.0;67409.0;0.224969959500957;19
224;Bestecke;9.0;67459.0;0.227515972664878;19
225;Bestecke;10.0;72632.0;0.24062396739729;19
226;Bestecke;11.0;120611.0;0.2395552644452;19
227;Bestecke;12.0;137466.0;0.258471185602258;19
228;PC-Spiele;1.0;88254.0;0.257688036802864;20
229;PC-Spiele;2.0;69665.0;0.262470394028565;20
230;PC-Spiele;3.0;77264.0;0.235335990888383;20
231;PC-Spiele;4.0;100981.0;0.250354026995177;20
232;PC-Spiele;5.0;79521.0;0.239622238150929;20
233;PC-Spiele;6.0;55432.0;0.219728676576707;20
234;PC-Spiele;7.0;57130.0;0.239943987397164;20
235;PC-Spiele;8.0;68420.0;0.251958491669103;20
236;PC-Spiele;9.0;68621.0;0.246630040366652;20
237;PC-Spiele;10.0;75964.0;0.253646464114581;20
238;PC-Spiele;11.0;92315.0;0.256881330228024;20
239;PC-Spiele;12.0;99167.0;0.265874736555507;20
240;Kinderfahrräder;1.0;43226.0;0.16536343867117;21
241;Kinderfahrräder;2.0;74603.0;0.173505086926799;21
242;Kinderfahrräder;3.0;125403.0;0.182858464311061;21
243;Kinderfahrräder;4.0;116571.0;0.205162518979849;21
244;Kinderfahrräder;5.0;84151.0;0.203824078145239;21
245;Kinderfahrräder;6.0;66691.0;0.213087223163545;21
246;Kinderfahrräder;7.0;64291.0;0.192748596226532;21
247;Kinderfahrräder;8.0;71905.0;0.211376121271122;21
248;Kinderfahrräder;9.0;66394.0;0.20964243756966;21
249;Kinderfahrräder;10.0;57775.0;0.205140631761142;21
250;Kinderfahrräder;11.0;84053.0;0.200421162837733;21
251;Kinderfahrräder;12.0;67216.0;0.178261128302785;21
252;All in One PCs;1.0;79256.0;0.219983345109519;22
253;All in One PCs;2.0;64025.0;0.24;22
254;All in One PCs;3.0;69544.0;0.222391579431727;22
255;All in One PCs;4.0;59271.0;0.217560020920855;22
256;All in One PCs;5.0;64724.0;0.233174711080897;22
257;All in One PCs;6.0;52838.0;0.229910291835421;22
258;All in One PCs;7.0;59344.0;0.218151792936101;22
259;All in One PCs;8.0;66262.0;0.227687060456974;22
260;All in One PCs;9.0;73095.0;0.229810520555442;22
261;All in One PCs;10.0;88703.0;0.228831042918503;22
262;All in One PCs;11.0;134463.0;0.21404401210742;22
263;All in One PCs;12.0;109622.0;0.231413402419222;22
264;Gartenpumpen;1.0;38703.0;0.269358964421363;23
265;Gartenpumpen;2.0;44686.0;0.276507183457906;23
266;Gartenpumpen;3.0;88128.0;0.261823710965868;23
267;Gartenpumpen;4.0;143570.0;0.24521139513826;23
268;Gartenpumpen;5.0;108720.0;0.240572111846946;23
269;Gartenpumpen;6.0;123561.0;0.258026399915831;23
270;Gartenpumpen;7.0;127383.0;0.243195716853897;23
271;Gartenpumpen;8.0;90853.5;0.249456841397688;23
272;Gartenpumpen;9.0;54324.0;0.247257197555408;23
273;Gartenpumpen;10.0;42488.0;0.254236490303144;23
274;Gartenpumpen;11.0;35725.0;0.253741017331267;23
275;Gartenpumpen;12.0;28962.0;0.246495407775706;23
276;Rasierklingen & Scherköpfe;1.0;95052.0;0.256228169843875;24
277;Rasierklingen & Scherköpfe;2.0;70277.0;0.261223444370135;24
278;Rasierklingen & Scherköpfe;3.0;75863.0;0.254458695279649;24
279;Rasierklingen & Scherköpfe;4.0;64517.0;0.268208379186881;24
280;Rasierklingen & Scherköpfe;5.0;71769.0;0.26656355808218;24
281;Rasierklingen & Scherköpfe;6.0;64818.0;0.281634731093215;24
282;Rasierklingen & Scherköpfe;7.0;84049.0;0.269878285285964;24
283;Rasierklingen & Scherköpfe;8.0;72764.0;0.303116925952394;24
284;Rasierklingen & Scherköpfe;9.0;70100.0;0.297945791726106;24
285;Rasierklingen & Scherköpfe;10.0;74573.0;0.313317152320545;24
286;Rasierklingen & Scherköpfe;11.0;97740.0;0.2695109474115;24
287;Rasierklingen & Scherköpfe;12.0;75065.0;0.280010657430227;24
288;Stichsägen;1.0;81292.0;0.205456871524873;25
289;Stichsägen;2.0;61835.0;0.222592382954637;25
290;Stichsägen;3.0;81925.0;0.195727799816906;25
291;Stichsägen;4.0;66296.0;0.183178472306021;25
292;Stichsägen;5.0;71206.0;0.200053366289358;25
293;Stichsägen;6.0;56079.0;0.192282316018474;25
294;Stichsägen;7.0;60989.0;0.192575710374002;25
295;Stichsägen;8.0;64555.0;0.194655719928743;25
296;Stichsägen;9.0;66796.0;0.194427810048506;25
297;Stichsägen;10.0;81187.0;0.205599418626135;25
298;Stichsägen;11.0;118386.0;0.203748754075651;25
299;Stichsägen;12.0;105392.0;0.223280704417793;25
300;Skihelme & Snowboardhelme;1.0;230439.0;0.256792470024605;26
301;Skihelme & Snowboardhelme;2.0;141903.0;0.261446199164218;26
302;Skihelme & Snowboardhelme;3.0;86050.5;0.256378069483299;26
303;Skihelme & Snowboardhelme;4.0;30198.0;0.249850983508842;26
304;Skihelme & Snowboardhelme;5.0;14872.0;0.22545723507262;26
305;Skihelme & Snowboardhelme;6.0;10750.0;0.201860465116279;26
306;Skihelme & Snowboardhelme;7.0;14145.0;0.191516436903499;26
307;Skihelme & Snowboardhelme;8.0;18340.0;0.209432933478735;26
308;Skihelme & Snowboardhelme;9.0;27765.0;0.204069872141185;26
309;Skihelme & Snowboardhelme;10.0;54993.0;0.195533977051625;26
310;Skihelme & Snowboardhelme;11.0;125445.0;0.214747498903902;26
311;Skihelme & Snowboardhelme;12.0;162401.0;0.207615716651991;26
312;Trainingsanzüge;1.0;75437.0;0.244137492212044;27
313;Trainingsanzüge;2.0;58520.0;0.245693779904306;27
314;Trainingsanzüge;3.0;76059.0;0.240168816313651;27
315;Trainingsanzüge;4.0;69924.0;0.232438075624964;27
316;Trainingsanzüge;5.0;92050.0;0.23853340575774;27
317;Trainingsanzüge;6.0;53250.0;0.223906103286385;27
318;Trainingsanzüge;7.0;62003.0;0.215699240359337;27
319;Trainingsanzüge;8.0;83345.0;0.216377707121003;27
320;Trainingsanzüge;9.0;74188.0;0.210964037310616;27
321;Trainingsanzüge;10.0;81917.0;0.209126310777983;27
322;Trainingsanzüge;11.0;97268.0;0.206686680100341;27
323;Trainingsanzüge;12.0;84307.0;0.224987248982884;27
324;Fahrradschlösser;1.0;41640.0;0.235422670509126;28
325;Fahrradschlösser;2.0;51674.0;0.249970971862058;28
326;Fahrradschlösser;3.0;85624.0;0.258852658133234;28
327;Fahrradschlösser;4.0;116423.0;0.259321611709027;28
328;Fahrradschlösser;5.0;111497.0;0.261128102101402;28
329;Fahrradschlösser;6.0;87918.0;0.258229259082327;28
330;Fahrradschlösser;7.0;90648.0;0.256563851381167;28
331;Fahrradschlösser;8.0;92668.0;0.270837829671516;28
332;Fahrradschlösser;9.0;75763.0;0.250742446840806;28
333;Fahrradschlösser;10.0;53324.0;0.245592978771285;28
334;Fahrradschlösser;11.0;48192.0;0.258113379814077;28
335;Fahrradschlösser;12.0;52317.0;0.228300552401705;28
336;Steuersoftware;1.0;160495.0;0.162466120439889;29
337;Steuersoftware;2.0;129618.0;0.148567328611767;29
338;Steuersoftware;3.0;109827.0;0.161863658298961;29
339;Steuersoftware;4.0;78742.0;0.149246907622362;29
340;Steuersoftware;5.0;66219.0;0.151119769250517;29
341;Steuersoftware;6.0;44700.0;0.158657718120805;29
342;Steuersoftware;7.0;61553.0;0.157522785241987;29
343;Steuersoftware;8.0;26661.0;0.123063651025843;29
344;Steuersoftware;9.0;28027.0;0.120669354550969;29
345;Steuersoftware;10.0;26557.0;0.105282976239786;29
346;Steuersoftware;11.0;59815.0;0.16935551283123;29
347;Steuersoftware;12.0;97095.0;0.213358051392966;29
348;USB Sticks;1.0;96297.0;0.196226258346574;30
349;USB Sticks;2.0;67531.0;0.189883164768773;30
350;USB Sticks;3.0;83430.0;0.189799832194654;30
351;USB Sticks;4.0;65050.0;0.190484242890085;30
352;USB Sticks;5.0;66729.0;0.193559022314136;30
353;USB Sticks;6.0;52444.0;0.189554572496377;30
354;USB Sticks;7.0;66292.0;0.176672901707597;30
355;USB Sticks;8.0;70198.0;0.193581013704094;30
356;USB Sticks;9.0;71540.0;0.19937098126922;30
357;USB Sticks;10.0;73122.0;0.198175651650666;30
358;USB Sticks;11.0;88680.0;0.207284618854308;30
359;USB Sticks;12.0;84656.0;0.211443961443961;30
360;Matratzen;1.0;96380.0;0.309421041709898;31
361;Matratzen;2.0;71004.0;0.311390907554504;31
362;Matratzen;3.0;79365.0;0.297335097335097;31
363;Matratzen;4.0;61765.0;0.303845219784668;31
364;Matratzen;5.0;66225.0;0.309807474518686;31
365;Matratzen;6.0;52935.0;0.318976102767545;31
366;Matratzen;7.0;69760.0;0.304501146788991;31
367;Matratzen;8.0;74576.0;0.319057069298434;31
368;Matratzen;9.0;75464.0;0.306636276900244;31
369;Matratzen;10.0;80014.0;0.301809683305422;31
370;Matratzen;11.0;86997.0;0.311562467671299;31
371;Matratzen;12.0;69590.0;0.315749389280069;31
372;Verstärker;1.0;102167.0;0.220795364452318;32
373;Verstärker;2.0;74299.0;0.229935799943472;32
374;Verstärker;3.0;80303.0;0.225657821002951;32
375;Verstärker;4.0;63780.0;0.217811226089683;32
376;Verstärker;5.0;63375.0;0.225483234714004;32
377;Verstärker;6.0;44298.0;0.222447966048129;32
378;Verstärker;7.0;52199.0;0.217168911281825;32
379;Verstärker;8.0;56306.0;0.208059531843853;32
380;Verstärker;9.0;66289.0;0.186833411274872;32
381;Verstärker;10.0;77981.0;0.189020402405714;32
382;Verstärker;11.0;88000.0;0.200105282654683;32
383;Verstärker;12.0;98019.0;0.2140605392832;32
384;Gartenschläuche;1.0;17446.0;0.180614467499713;33
385;Gartenschläuche;2.0;23100.0;0.241038961038961;33
386;Gartenschläuche;3.0;60818.0;0.230836265579269;33
387;Gartenschläuche;4.0;145316.0;0.235266591428336;33
388;Gartenschläuche;5.0;117437.0;0.230685388761634;33
389;Gartenschläuche;6.0;145930.0;0.261645994654972;33
390;Gartenschläuche;7.0;167459.0;0.228497721830418;33
391;Gartenschläuche;8.0;83945.0;0.235273095479183;33
392;Gartenschläuche;9.0;43407.0;0.222913354988827;33
393;Gartenschläuche;10.0;33399.0;0.199856706512312;33
394;Gartenschläuche;11.0;23391.0;0.207259202257278;33
395;Gartenschläuche;12.0;19262.0;0.202367355414806;33
396;Kinderroller;1.0;36156.0;0.226546078105985;34
397;Kinderroller;2.0;46916.0;0.228450848324665;34
398;Kinderroller;3.0;87064.0;0.202563631351649;34
399;Kinderroller;4.0;100233.0;0.240369938044357;34
400;Kinderroller;5.0;75479.0;0.238609414539143;34
401;Kinderroller;6.0;54897.0;0.241433958139789;34
402;Kinderroller;7.0;64260.0;0.2380174291939;34
403;Kinderroller;8.0;60366.0;0.23561276215088;34
404;Kinderroller;9.0;62572.0;0.22984721600716;34
405;Kinderroller;10.0;62472.0;0.239387245485978;34
406;Kinderroller;11.0;116394.0;0.218499235355774;34
407;Kinderroller;12.0;105993.0;0.210174256790543;34
408;Küchenarmaturen;1.0;100422.0;0.290543904722073;35
409;Küchenarmaturen;2.0;79470.0;0.279501698754247;35
410;Küchenarmaturen;3.0;82896.0;0.265790870488323;35
411;Küchenarmaturen;4.0;65993.0;0.289879229615262;35
412;Küchenarmaturen;5.0;68642.0;0.28131464700912;35
413;Küchenarmaturen;6.0;51339.0;0.273125693916905;35
414;Küchenarmaturen;7.0;61413.0;0.279403383648413;35
415;Küchenarmaturen;8.0;61562.0;0.265342256586856;35
416;Küchenarmaturen;9.0;69086.0;0.266595258084127;35
417;Küchenarmaturen;10.0;75367.0;0.27610227287805;35
418;Küchenarmaturen;11.0;79048.0;0.270013156563101;35
419;Küchenarmaturen;12.0;67513.0;0.287988979900167;35
420;Schlagschrauber;1.0;59699.0;0.189349905358549;36
421;Schlagschrauber;2.0;53088.0;0.205244122965642;36
422;Schlagschrauber;3.0;83444.0;0.203729447293994;36
423;Schlagschrauber;4.0;78600.0;0.195190839694656;36
424;Schlagschrauber;5.0;68794.0;0.199639503445068;36
425;Schlagschrauber;6.0;51769.0;0.199018717765458;36
426;Schlagschrauber;7.0;58396.0;0.182187136105213;36
427;Schlagschrauber;8.0;50665.0;0.187979867758808;36
428;Schlagschrauber;9.0;65726.0;0.196071569850592;36
429;Schlagschrauber;10.0;95371.0;0.20893143618081;36
430;Schlagschrauber;11.0;110888.0;0.211682057571604;36
431;Schlagschrauber;12.0;84926.0;0.209876833949556;36
432;Kamine & Öfen;1.0;91968.0;0.216901530967293;37
433;Kamine & Öfen;2.0;61988.0;0.228108666193457;37
434;Kamine & Öfen;3.0;54577.0;0.219029994319952;37
435;Kamine & Öfen;4.0;38366.0;0.222827503518741;37
436;Kamine & Öfen;5.0;40569.0;0.220069511203135;37
437;Kamine & Öfen;6.0;25039.0;0.223611166580135;37
438;Kamine & Öfen;7.0;35000.0;0.227342857142857;37
439;Kamine & Öfen;8.0;54514.0;0.247239241295814;37
440;Kamine & Öfen;9.0;104316.0;0.269881897312014;37
441;Kamine & Öfen;10.0;127319.0;0.279518375105051;37
442;Kamine & Öfen;11.0;132854.0;0.270537582609481;37
443;Kamine & Öfen;12.0;92996.0;0.250032259452019;37
444;Ferngläser;1.0;69739.0;0.20318616556016;38
445;Ferngläser;2.0;59350.0;0.206133108677338;38
446;Ferngläser;3.0;69948.0;0.203150912106136;38
447;Ferngläser;4.0;68287.0;0.212192657460424;38
448;Ferngläser;5.0;72265.0;0.215692243824811;38
449;Ferngläser;6.0;63751.0;0.221267117378551;38
450;Ferngläser;7.0;74807.0;0.211517638723649;38
451;Ferngläser;8.0;71646.0;0.223473745917427;38
452;Ferngläser;9.0;66635.0;0.211930667066857;38
453;Ferngläser;10.0;71851.0;0.222975323934253;38
454;Ferngläser;11.0;87211.0;0.226393459540654;38
455;Ferngläser;12.0;82770.0;0.239712456203939;38
456;Steckdosen;1.0;83793.0;0.270595395796785;39
457;Steckdosen;2.0;60625.0;0.277261855670103;39
458;Steckdosen;3.0;68259.0;0.268931569463367;39
459;Steckdosen;4.0;60452.0;0.271934758155231;39
460;Steckdosen;5.0;61444.0;0.285935160471324;39
461;Steckdosen;6.0;50124.0;0.267217301093289;39
462;Steckdosen;7.0;74812.0;0.257218093354007;39
463;Steckdosen;8.0;56728.0;0.279473981102806;39
464;Steckdosen;9.0;61288.0;0.277264717399817;39
465;Steckdosen;10.0;71467.0;0.286607805000909;39
466;Steckdosen;11.0;107499.0;0.271183917989935;39
467;Steckdosen;12.0;100870.0;0.291751759690691;39
468;Einkaufstaschen;1.0;60893.0;0.203225329676646;40
469;Einkaufstaschen;2.0;50232.0;0.198558687689122;40
470;Einkaufstaschen;3.0;60415.0;0.194587436894811;40
471;Einkaufstaschen;4.0;55228.0;0.192836966755993;40
472;Einkaufstaschen;5.0;58704.0;0.194211638048515;40
473;Einkaufstaschen;6.0;57372.0;0.220560552185735;40
474;Einkaufstaschen;7.0;65550.0;0.210175438596491;40
475;Einkaufstaschen;8.0;64218.0;0.192858700052945;40
476;Einkaufstaschen;9.0;57653.0;0.18078851057187;40
477;Einkaufstaschen;10.0;57965.0;0.189666177865954;40
478;Einkaufstaschen;11.0;88338.0;0.177443455817429;40
479;Einkaufstaschen;12.0;165241.0;0.112944124037013;40
480;PowerLine;1.0;89920.0;0.188589857651246;41
481;PowerLine;2.0;63667.0;0.192595850283506;41
482;PowerLine;3.0;68289.0;0.17461084508486;41
483;PowerLine;4.0;56605.0;0.177387156611607;41
484;PowerLine;5.0;57494.0;0.192211361185515;41
485;PowerLine;6.0;55631.0;0.204777911596053;41
486;PowerLine;7.0;63415.0;0.182464716549712;41
487;PowerLine;8.0;66164.0;0.190949761199444;41
488;PowerLine;9.0;62757.0;0.20547508644454;41
489;PowerLine;10.0;66118.0;0.208521128890771;41
490;PowerLine;11.0;93672.0;0.202504483730464;41
491;PowerLine;12.0;84911.0;0.198007325317097;41
492;Spielzeug-Fahrzeuge;1.0;55639.0;0.250615575405741;42
493;Spielzeug-Fahrzeuge;2.0;34895.0;0.252385728614415;42
494;Spielzeug-Fahrzeuge;3.0;45306.0;0.249834459012051;42
495;Spielzeug-Fahrzeuge;4.0;42651.0;0.266441584019132;42
496;Spielzeug-Fahrzeuge;5.0;35515.0;0.265718710404055;42
497;Spielzeug-Fahrzeuge;6.0;25909.0;0.278513257941256;42
498;Spielzeug-Fahrzeuge;7.0;37421.0;0.273242297105903;42
499;Spielzeug-Fahrzeuge;8.0;42722.0;0.265858339965357;42
500;Spielzeug-Fahrzeuge;9.0;46057.0;0.266691273856308;42
501;Spielzeug-Fahrzeuge;10.0;70209.0;0.267601019812275;42
502;Spielzeug-Fahrzeuge;11.0;186699.0;0.317125426488626;42
503;Spielzeug-Fahrzeuge;12.0;200433.0;0.368043186501225;42
504;Kamera-Stative;1.0;75904.0;0.241884485666105;43
505;Kamera-Stative;2.0;61404.0;0.236987818383167;43
506;Kamera-Stative;3.0;71545.0;0.230791809350758;43
507;Kamera-Stative;4.0;63608.0;0.2308514652245;43
508;Kamera-Stative;5.0;63430.0;0.239854958221662;43
509;Kamera-Stative;6.0;54610.0;0.252517853872917;43
510;Kamera-Stative;7.0;64769.0;0.237011533295249;43
511;Kamera-Stative;8.0;73888.0;0.250500757903855;43
512;Kamera-Stative;9.0;70136.0;0.273896429793544;43
513;Kamera-Stative;10.0;61160.0;0.242969260954872;43
514;Kamera-Stative;11.0;85450.0;0.236407255705091;43
515;Kamera-Stative;12.0;76945.0;0.234934043797518;43
516;Sonnenpflege;1.0;29001.0;0.363056446329437;44
517;Sonnenpflege;2.0;41468.0;0.374529757885599;44
518;Sonnenpflege;3.0;61713.0;0.387211770615592;44
519;Sonnenpflege;4.0;108123.0;0.37777346170565;44
520;Sonnenpflege;5.0;107647.0;0.390777262719816;44
521;Sonnenpflege;6.0;180875.0;0.414794747753974;44
522;Sonnenpflege;7.0;109958.0;0.41980574401135;44
523;Sonnenpflege;8.0;62763.0;0.417188470914392;44
524;Sonnenpflege;9.0;36272.0;0.384704455227172;44
525;Sonnenpflege;10.0;29011.0;0.390334700630795;44
526;Sonnenpflege;11.0;29023.0;0.363091341349964;44
527;Sonnenpflege;12.0;26551.0;0.371247787277315;44
528;Bohrer & Bits;1.0;65603.0;0.212962821822173;45
529;Bohrer & Bits;2.0;52766.0;0.211044991092749;45
530;Bohrer & Bits;3.0;74365.0;0.177180125058831;45
531;Bohrer & Bits;4.0;66463.0;0.177572483938432;45
532;Bohrer & Bits;5.0;67628.0;0.177426509729698;45
533;Bohrer & Bits;6.0;55285.0;0.156896083928733;45
534;Bohrer & Bits;7.0;69635.0;0.145558986142026;45
535;Bohrer & Bits;8.0;59565.0;0.171728363972131;45
536;Bohrer & Bits;9.0;57532.0;0.182993812139331;45
537;Bohrer & Bits;10.0;87125.0;0.165888091822095;45
538;Bohrer & Bits;11.0;79982.0;0.213235477982546;45
539;Bohrer & Bits;12.0;80429.0;0.210943813798506;45
540;Kuscheltiere;1.0;55834.0;0.256438729089802;46
541;Kuscheltiere;2.0;42494.0;0.251164870334635;46
542;Kuscheltiere;3.0;52003.0;0.25206238101648;46
543;Kuscheltiere;4.0;50305.0;0.262001789086572;46
544;Kuscheltiere;5.0;41627.0;0.266966151776491;46
545;Kuscheltiere;6.0;42265.0;0.27451981366856;46
546;Kuscheltiere;7.0;42903.0;0.269887886627975;46
547;Kuscheltiere;8.0;45263.0;0.278616088195656;46
548;Kuscheltiere;9.0;46008.0;0.275995479047122;46
549;Kuscheltiere;10.0;68881.0;0.272019860338845;46
550;Kuscheltiere;11.0;164258.0;0.285678627524991;46
551;Kuscheltiere;12.0;162391.0;0.286198126743477;46
552;Hairstyler;1.0;61955.0;0.286788798321362;47
553;Hairstyler;2.0;46088.0;0.314507030029509;47
554;Hairstyler;3.0;48172.0;0.296354728888151;47
555;Hairstyler;4.0;43620.0;0.293626776707932;47
556;Hairstyler;5.0;45125.0;0.293562326869806;47
557;Hairstyler;6.0;41089.0;0.264985762612865;47
558;Hairstyler;7.0;42839.0;0.22437498541049;47
559;Hairstyler;8.0;54481.0;0.241056515115361;47
560;Hairstyler;9.0;56292.0;0.208057983372415;47
561;Hairstyler;10.0;57158.0;0.215455404317856;47
562;Hairstyler;11.0;151477.0;0.200624517253444;47
563;Hairstyler;12.0;152444.0;0.233810448426963;47
564;Messer;1.0;80066.0;0.27672170459371;48
565;Messer;2.0;54093.0;0.290425748248387;48
566;Messer;3.0;63124.0;0.260043723464926;48
567;Messer;4.0;52588.0;0.25507720392485;48
568;Messer;5.0;52652.0;0.264586340499886;48
569;Messer;6.0;42387.0;0.252860546865784;48
570;Messer;7.0;50892.0;0.255698341586104;48
571;Messer;8.0;53157.0;0.263088586639577;48
572;Messer;9.0;55126.0;0.256539563908138;48
573;Messer;10.0;60390.0;0.2642159297897;48
574;Messer;11.0;100000.0;0.27455;48
575;Messer;12.0;128902.0;0.295030333121286;48
576;Akkus & Batterien;1.0;85837.0;0.289071146475296;49
577;Akkus & Batterien;2.0;57004.0;0.299698266788296;49
578;Akkus & Batterien;3.0;60308.0;0.283080188366386;49
579;Akkus & Batterien;4.0;52951.0;0.271817340560141;49
580;Akkus & Batterien;5.0;53609.0;0.281482586879069;49
581;Akkus & Batterien;6.0;41279.0;0.299038251895637;49
582;Akkus & Batterien;7.0;51532.0;0.300919816812854;49
583;Akkus & Batterien;8.0;53645.0;0.313878273837263;49
584;Akkus & Batterien;9.0;59689.0;0.30424366298648;49
585;Akkus & Batterien;10.0;76197.0;0.297911991285746;49
586;Akkus & Batterien;11.0;90985.0;0.301247458372259;49
587;Akkus & Batterien;12.0;93308.0;0.299127620354096;49
588;Zubehör für Küchengeräte;1.0;81669.0;0.262461888843992;50
589;Zubehör für Küchengeräte;2.0;59523.0;0.268266048418258;50
590;Zubehör für Küchengeräte;3.0;64530.0;0.247311328064466;50
591;Zubehör für Küchengeräte;4.0;55452.0;0.240694654836615;50
592;Zubehör für Küchengeräte;5.0;52876.0;0.259285876390045;50
593;Zubehör für Küchengeräte;6.0;41855.0;0.258583203918289;50
594;Zubehör für Küchengeräte;7.0;46067.0;0.238044587231641;50
595;Zubehör für Küchengeräte;8.0;43040.0;0.260710966542751;50
596;Zubehör für Küchengeräte;9.0;46716.0;0.260274852298998;50
597;Zubehör für Küchengeräte;10.0;59478.0;0.261407579273009;50
598;Zubehör für Küchengeräte;11.0;104043.0;0.288428822698307;50
599;Zubehör für Küchengeräte;12.0;118892.0;0.300903340847155;50
600;Xbox One Spiele;1.0;77307.0;0.259678942398489;51
601;Xbox One Spiele;2.0;54913.0;0.27751170032597;51
602;Xbox One Spiele;3.0;66850.0;0.234584891548242;51
603;Xbox One Spiele;4.0;52446.0;0.237939976356633;51
604;Xbox One Spiele;5.0;49444.0;0.26334843459267;51
605;Xbox One Spiele;6.0;43160.0;0.264457831325301;51
606;Xbox One Spiele;7.0;44509.0;0.253746433305624;51
607;Xbox One Spiele;8.0;48533.0;0.264541652071786;51
608;Xbox One Spiele;9.0;77340.0;0.28766485647789;51
609;Xbox One Spiele;10.0;85936.5;0.276625443175791;51
610;Xbox One Spiele;11.0;94533.0;0.284355727629505;51
611;Xbox One Spiele;12.0;89577.0;0.299295578105987;51
612;Kaffeepadmaschinen;1.0;84878.0;0.165354980089069;52
613;Kaffeepadmaschinen;2.0;56662.0;0.155536338286682;52
614;Kaffeepadmaschinen;3.0;64986.0;0.136967962330348;52
615;Kaffeepadmaschinen;4.0;53540.0;0.163728053791558;52
616;Kaffeepadmaschinen;5.0;48434.0;0.173555766610232;52
617;Kaffeepadmaschinen;6.0;44951.0;0.193388356210095;52
618;Kaffeepadmaschinen;7.0;53801.0;0.167803572424304;52
619;Kaffeepadmaschinen;8.0;51679.0;0.184136689951431;52
620;Kaffeepadmaschinen;9.0;62814.0;0.185133887349954;52
621;Kaffeepadmaschinen;10.0;58184.0;0.194314588202942;52
622;Kaffeepadmaschinen;11.0;100249.0;0.186006842961027;52
623;Kaffeepadmaschinen;12.0;88286.0;0.195353736719299;52
624;Liköre;1.0;65882.0;0.194833186606357;53
625;Liköre;2.0;56899.0;0.197771489832862;53
626;Liköre;3.0;57719.0;0.178017637173201;53
627;Liköre;4.0;59171.0;0.191411333254466;53
628;Liköre;5.0;56225.5;0.205346387867931;53
629;Liköre;6.0;53280.0;0.213776276276276;53
630;Liköre;7.0;60887.0;0.212968285512507;53
631;Liköre;8.0;57170.0;0.203463354906419;53
632;Liköre;9.0;51560.0;0.210046547711404;53
633;Liköre;10.0;57834.0;0.221893695749905;53
634;Liköre;11.0;72898.0;0.229087217756317;53
635;Liköre;12.0;103994.0;0.23210954478143;53
636;Waschtrockner;1.0;77931.0;0.210699208273986;54
637;Waschtrockner;2.0;52693.0;0.231055358396751;54
638;Waschtrockner;3.0;64458.0;0.227977908095194;54
639;Waschtrockner;4.0;51924.0;0.211443648409213;54
640;Waschtrockner;5.0;54839.0;0.228031145717464;54
641;Waschtrockner;6.0;46655.0;0.223062908584289;54
642;Waschtrockner;7.0;49776.0;0.201804082288653;54
643;Waschtrockner;8.0;54856.0;0.219574886976812;54
644;Waschtrockner;9.0;63413.0;0.23749073533818;54
645;Waschtrockner;10.0;72817.0;0.244915335704574;54
646;Waschtrockner;11.0;101172.0;0.236231368362788;54
647;Waschtrockner;12.0;70408.0;0.230669810248835;54
648;Mülleimer;1.0;76560.0;0.246930512016719;55
649;Mülleimer;2.0;61748.0;0.254016324415366;55
650;Mülleimer;3.0;67968.0;0.242790725047081;55
651;Mülleimer;4.0;56769.0;0.239197449312125;55
652;Mülleimer;5.0;61295.0;0.234113712374582;55
653;Mülleimer;6.0;47921.0;0.224557083533315;55
654;Mülleimer;7.0;55291.0;0.235083467472102;55
655;Mülleimer;8.0;60999.0;0.239971147067985;55
656;Mülleimer;9.0;61289.0;0.244872652515133;55
657;Mülleimer;10.0;64567.0;0.24396363467406;55
658;Mülleimer;11.0;74699.0;0.23317581225987;55
659;Mülleimer;12.0;71227.0;0.232959411459138;55
660;Outdoor-Navigation;1.0;49521.0;0.200945053613618;56
661;Outdoor-Navigation;2.0;47449.0;0.229214525069021;56
662;Outdoor-Navigation;3.0;56976.0;0.260692903205947;56
663;Outdoor-Navigation;4.0;66503.0;0.249778205494489;56
664;Outdoor-Navigation;5.0;75249.0;0.280083456258555;56
665;Outdoor-Navigation;6.0;67488.0;0.305298719772404;56
666;Outdoor-Navigation;7.0;81292.0;0.284886581705457;56
667;Outdoor-Navigation;8.0;69567.0;0.247344286802651;56
668;Outdoor-Navigation;9.0;57264.0;0.225062866722548;56
669;Outdoor-Navigation;10.0;47615.0;0.223500997584795;56
670;Outdoor-Navigation;11.0;71894.0;0.26865941525023;56
671;Outdoor-Navigation;12.0;58525.0;0.22911576249466;56
672;Kühlboxen;1.0;32408.0;0.198870649222414;57
673;Kühlboxen;2.0;31193.0;0.207706857307729;57
674;Kühlboxen;3.0;46854.0;0.196269261962693;57
675;Kühlboxen;4.0;62273.0;0.218328970822026;57
676;Kühlboxen;5.0;77206.0;0.232222884231795;57
677;Kühlboxen;6.0;135891.0;0.238706021738011;57
678;Kühlboxen;7.0;149431.0;0.22655941538235;57
679;Kühlboxen;8.0;87717.0;0.20489756831629;57
680;Kühlboxen;9.0;47162.0;0.175437852508375;57
681;Kühlboxen;10.0;27816.0;0.158901351740006;57
682;Kühlboxen;11.0;30478.0;0.179998687577925;57
683;Kühlboxen;12.0;25162.0;0.175661712105556;57
684;Betriebssysteme;1.0;73941.0;0.258341109803762;58
685;Betriebssysteme;2.0;68449.5;0.272037381265028;58
686;Betriebssysteme;3.0;62958.0;0.252628736618063;58
687;Betriebssysteme;4.0;48650.0;0.256649537512847;58
688;Betriebssysteme;5.0;50789.0;0.270964185158204;58
689;Betriebssysteme;6.0;41656.0;0.277655079700403;58
690;Betriebssysteme;7.0;52040.0;0.264315910837817;58
691;Betriebssysteme;8.0;56784.0;0.295435333896872;58
692;Betriebssysteme;9.0;60186.0;0.269065895723258;58
693;Betriebssysteme;10.0;75163.0;0.243085028537977;58
694;Betriebssysteme;11.0;83613.0;0.233970794015285;58
695;Betriebssysteme;12.0;87874.0;0.244577463185925;58
696;Clogs;1.0;54682.0;0.210599466003438;59
697;Clogs;2.0;47439.0;0.206897278610426;59
698;Clogs;3.0;60777.0;0.19963143952482;59
699;Clogs;4.0;66324.0;0.185136602134974;59
700;Clogs;5.0;63495.0;0.197543113630995;59
701;Clogs;6.0;70301.0;0.174819703844896;59
702;Clogs;7.0;74882.0;0.170414785929863;59
703;Clogs;8.0;70006.0;0.179441762134674;59
704;Clogs;9.0;61076.0;0.178842753290982;59
705;Clogs;10.0;58034.0;0.191094875417858;59
706;Clogs;11.0;60817.0;0.190966341647894;59
707;Clogs;12.0;60113.0;0.201603646465823;59
708;Multifunktionswerkzeuge;1.0;62949.0;0.225357035060128;60
709;Multifunktionswerkzeuge;2.0;51518.0;0.236985131410381;60
710;Multifunktionswerkzeuge;3.0;67675.0;0.226656815663096;60
711;Multifunktionswerkzeuge;4.0;60507.0;0.222106533128398;60
712;Multifunktionswerkzeuge;5.0;63753.0;0.219879848791429;60
713;Multifunktionswerkzeuge;6.0;47885.0;0.216226375691762;60
714;Multifunktionswerkzeuge;7.0;57504.0;0.21513286032276;60
715;Multifunktionswerkzeuge;8.0;52201.0;0.216126127851957;60
716;Multifunktionswerkzeuge;9.0;53824.0;0.221313912009512;60
717;Multifunktionswerkzeuge;10.0;64302.0;0.221999315728904;60
718;Multifunktionswerkzeuge;11.0;87390.0;0.228893466071633;60
719;Multifunktionswerkzeuge;12.0;78090.0;0.229709309770777;60
720;Champagner, Sekt & Prosecco;1.0;59294.0;0.167352514588323;61
721;Champagner, Sekt & Prosecco;2.0;45497.0;0.184253906851001;61
722;Champagner, Sekt & Prosecco;3.0;48162.0;0.19052364935011;61
723;Champagner, Sekt & Prosecco;4.0;47216.0;0.196861233480176;61
724;Champagner, Sekt & Prosecco;5.0;52014.0;0.191140846695121;61
725;Champagner, Sekt & Prosecco;6.0;43982.0;0.191191851211859;61
726;Champagner, Sekt & Prosecco;7.0;51685.0;0.194795395182355;61
727;Champagner, Sekt & Prosecco;8.0;51138.0;0.18629981618366;61
728;Champagner, Sekt & Prosecco;9.0;48792.0;0.193638301360879;61
729;Champagner, Sekt & Prosecco;10.0;55949.0;0.196661245062468;61
730;Champagner, Sekt & Prosecco;11.0;81140.0;0.201922602908553;61
731;Champagner, Sekt & Prosecco;12.0;76700.5;0.184130359991243;61
732;Bridgekameras;1.0;72261.0;0.168887781791008;62
733;Bridgekameras;2.0;59766.0;0.184686945755112;62
734;Bridgekameras;3.0;76072.0;0.171035334945841;62
735;Bridgekameras;4.0;67330.0;0.177409772761028;62
736;Bridgekameras;5.0;63150.0;0.189897070467142;62
737;Bridgekameras;6.0;58265.0;0.207328584913756;62
738;Bridgekameras;7.0;65122.0;0.194250790823378;62
739;Bridgekameras;8.0;53507.0;0.202253910703272;62
740;Bridgekameras;9.0;48145.0;0.206210406065012;62
741;Bridgekameras;10.0;43933.0;0.199394532583707;62
742;Bridgekameras;11.0;69793.0;0.21866089722465;62
743;Bridgekameras;12.0;62047.0;0.194207616806614;62
744;Eingabestifte;1.0;51854.0;0.224209104214358;63
745;Eingabestifte;2.0;41661.0;0.240992775017402;63
746;Eingabestifte;3.0;50009.0;0.227099122158012;63
747;Eingabestifte;4.0;48087.0;0.213425665980411;63
748;Eingabestifte;5.0;41707.0;0.191526602249023;63
749;Eingabestifte;6.0;35962.0;0.210805850620099;63
750;Eingabestifte;7.0;37635.0;0.208476152517603;63
751;Eingabestifte;8.0;42626.0;0.242269976070943;63
752;Eingabestifte;9.0;67171.0;0.246415863988924;63
753;Eingabestifte;10.0;81881.0;0.249728264188273;63
754;Eingabestifte;11.0;126708.0;0.204801591059759;63
755;Eingabestifte;12.0;111838.0;0.25739015361505;63
756;Sonnenschirme;1.0;12608.0;0.238975253807107;64
757;Sonnenschirme;2.0;30559.0;0.282535423279558;64
758;Sonnenschirme;3.0;72379.0;0.289821633346689;64
759;Sonnenschirme;4.0;128951.0;0.31577886173818;64
760;Sonnenschirme;5.0;85109.0;0.313621356143299;64
761;Sonnenschirme;6.0;160120.0;0.330527104671496;64
762;Sonnenschirme;7.0;122055.0;0.303658186882963;64
763;Sonnenschirme;8.0;68805.0;0.283046290240535;64
764;Sonnenschirme;9.0;26670.0;0.243382077240345;64
765;Sonnenschirme;10.0;11776.0;0.222401494565217;64
766;Sonnenschirme;11.0;9528.0;0.206863979848867;64
767;Sonnenschirme;12.0;8404.0;0.171227986673013;64
768;Taschenmesser;1.0;67892.0;0.224444706298238;65
769;Taschenmesser;2.0;53403.0;0.25051027095856;65
770;Taschenmesser;3.0;59882.0;0.229384456096991;65
771;Taschenmesser;4.0;53183.0;0.231577759810466;65
772;Taschenmesser;5.0;55526.0;0.236411771062205;65
773;Taschenmesser;6.0;50612.0;0.224986169287916;65
774;Taschenmesser;7.0;56172.0;0.231752474542477;65
775;Taschenmesser;8.0;61347.0;0.260501736026212;65
776;Taschenmesser;9.0;60327.0;0.231471811958161;65
777;Taschenmesser;10.0;68313.0;0.241901248664237;65
778;Taschenmesser;11.0;70245.0;0.255491494056516;65
779;Taschenmesser;12.0;79293.0;0.263667662971511;65
780;Epilierer & Ladyshaver;1.0;49140.0;0.202889702889703;66
781;Epilierer & Ladyshaver;2.0;35813.0;0.222712422863206;66
782;Epilierer & Ladyshaver;3.0;49652.0;0.203536614839281;66
783;Epilierer & Ladyshaver;4.0;58933.0;0.22169243038705;66
784;Epilierer & Ladyshaver;5.0;68340.0;0.23988879133743;66
785;Epilierer & Ladyshaver;6.0;74660.0;0.243048486472006;66
786;Epilierer & Ladyshaver;7.0;78768.0;0.213119540930327;66
787;Epilierer & Ladyshaver;8.0;62817.0;0.231466004425554;66
788;Epilierer & Ladyshaver;9.0;48030.0;0.22019571101395;66
789;Epilierer & Ladyshaver;10.0;41127.0;0.213898412235271;66
790;Epilierer & Ladyshaver;11.0;93151.0;0.211978400661292;66
791;Epilierer & Ladyshaver;12.0;74033.0;0.228492699201707;66
792;Thermoskannen;1.0;97553.0;0.219009153998339;67
793;Thermoskannen;2.0;71459.0;0.226227627030885;67
794;Thermoskannen;3.0;69488.0;0.218138383605802;67
795;Thermoskannen;4.0;62476.0;0.20571099302132;67
796;Thermoskannen;5.0;60360.0;0.217395626242545;67
797;Thermoskannen;6.0;38502.0;0.219495091164095;67
798;Thermoskannen;7.0;51530.0;0.199747719774888;67
799;Thermoskannen;8.0;44178.0;0.220290642401195;67
800;Thermoskannen;9.0;34902.0;0.220016044925792;67
801;Thermoskannen;10.0;44427.0;0.22031647421613;67
802;Thermoskannen;11.0;77095.0;0.220273688306635;67
803;Thermoskannen;12.0;81741.0;0.224293806045926;67
804;Haartrockner;1.0;59833.0;0.24277572577006;68
805;Haartrockner;2.0;47687.0;0.25579298341267;68
806;Haartrockner;3.0;51743.0;0.246970604719479;68
807;Haartrockner;4.0;49645.0;0.25263369926478;68
808;Haartrockner;5.0;50432.0;0.255908946700508;68
809;Haartrockner;6.0;37526.0;0.237435378137824;68
810;Haartrockner;7.0;53121.0;0.248941096741402;68
811;Haartrockner;8.0;48116.0;0.220197023859007;68
812;Haartrockner;9.0;47665.0;0.231511591314382;68
813;Haartrockner;10.0;59774.0;0.273128785090508;68
814;Haartrockner;11.0;119662.0;0.262840333606324;68
815;Haartrockner;12.0;107139.0;0.245214161043131;68
816;Nähmaschinen;1.0;63485.0;0.219532172954241;69
817;Nähmaschinen;2.0;50169.0;0.242819270864478;69
818;Nähmaschinen;3.0;71601.0;0.221672881663664;69
819;Nähmaschinen;4.0;48123.0;0.227957525507554;69
820;Nähmaschinen;5.0;46616.0;0.244787197528746;69
821;Nähmaschinen;6.0;36064.0;0.258484915705413;69
822;Nähmaschinen;7.0;47551.0;0.251855902084078;69
823;Nähmaschinen;8.0;46775.0;0.242202030999466;69
824;Nähmaschinen;9.0;55925.0;0.231864103710326;69
825;Nähmaschinen;10.0;59569.0;0.252480316943377;69
826;Nähmaschinen;11.0;111331.0;0.259065309752001;69
827;Nähmaschinen;12.0;89762.0;0.269156213096856;69
828;Motorradreifen;1.0;42681.0;0.214217098943324;70
829;Motorradreifen;2.0;56870.0;0.24149815368384;70
830;Motorradreifen;3.0;75094.0;0.287719391695741;70
831;Motorradreifen;4.0;79223.0;0.256756245029852;70
832;Motorradreifen;5.0;78000.0;0.2585;70
833;Motorradreifen;6.0;75036.5;0.278370732334598;70
834;Motorradreifen;7.0;72073.0;0.224883104630028;70
835;Motorradreifen;8.0;68973.0;0.224029692778334;70
836;Motorradreifen;9.0;55164.0;0.264520339351751;70
837;Motorradreifen;10.0;48888.0;0.24329078710522;70
838;Motorradreifen;11.0;44407.0;0.24743846690837;70
839;Motorradreifen;12.0;32578.0;0.246301184848671;70
840;Haarfarben;1.0;67177.0;0.299075576462182;71
841;Haarfarben;2.0;62326.0;0.327455636491994;71
842;Haarfarben;3.0;71354.0;0.313885696667321;71
843;Haarfarben;4.0;62092.0;0.310023835598789;71
844;Haarfarben;5.0;65393.0;0.319330815224871;71
845;Haarfarben;6.0;48987.0;0.324085981995223;71
846;Haarfarben;7.0;56791.0;0.312813650050184;71
847;Haarfarben;8.0;53672.0;0.305615590997168;71
848;Haarfarben;9.0;51440.0;0.295878693623639;71
849;Haarfarben;10.0;54717.0;0.296379552972568;71
850;Haarfarben;11.0;60199.0;0.30322762836592;71
851;Haarfarben;12.0;55085.0;0.312498865389852;71
852;Rum;1.0;56040.0;0.197483940042827;72
853;Rum;2.0;45484.0;0.225046170081787;72
854;Rum;3.0;56281.0;0.204154155043443;72
855;Rum;4.0;52042.0;0.206890588370931;72
856;Rum;5.0;52350.0;0.226819484240688;72
857;Rum;6.0;43363.0;0.219657311532874;72
858;Rum;7.0;56058.0;0.200988262157052;72
859;Rum;8.0;50372.0;0.215099658540459;72
860;Rum;9.0;44724.0;0.223996064752705;72
861;Rum;10.0;55149.0;0.250358120727484;72
862;Rum;11.0;98316.0;0.223625859473534;72
863;Rum;12.0;95706.0;0.250935155580632;72
864;Kaffeemaschinen-Reinigung;1.0;81713.0;0.40812355439159;73
865;Kaffeemaschinen-Reinigung;2.0;58457.0;0.431188737020374;73
866;Kaffeemaschinen-Reinigung;3.0;64774.0;0.415166579183006;73
867;Kaffeemaschinen-Reinigung;4.0;54405.0;0.410826210826211;73
868;Kaffeemaschinen-Reinigung;5.0;58017.0;0.437630349725081;73
869;Kaffeemaschinen-Reinigung;6.0;44301.0;0.422089794812758;73
870;Kaffeemaschinen-Reinigung;7.0;50312.0;0.424173159484815;73
871;Kaffeemaschinen-Reinigung;8.0;49828.0;0.421670546680581;73
872;Kaffeemaschinen-Reinigung;9.0;51268.0;0.404404306780058;73
873;Kaffeemaschinen-Reinigung;10.0;60593.0;0.43178254913934;73
874;Kaffeemaschinen-Reinigung;11.0;64786.0;0.41268175223042;73
875;Kaffeemaschinen-Reinigung;12.0;61782.0;0.408128581140138;73
876;Fahrradbeleuchtung;1.0;54768.0;0.254181273736488;74
877;Fahrradbeleuchtung;2.0;45531.0;0.270343282598669;74
878;Fahrradbeleuchtung;3.0;54183.0;0.253492792942436;74
879;Fahrradbeleuchtung;4.0;48129.0;0.254129526896466;74
880;Fahrradbeleuchtung;5.0;43298.0;0.265347129197653;74
881;Fahrradbeleuchtung;6.0;34769.0;0.260461905720613;74
882;Fahrradbeleuchtung;7.0;47779.0;0.254358609430922;74
883;Fahrradbeleuchtung;8.0;61155.0;0.262545989698308;74
884;Fahrradbeleuchtung;9.0;75394.0;0.257301642040481;74
885;Fahrradbeleuchtung;10.0;79686.5;0.263201155723822;74
886;Fahrradbeleuchtung;11.0;83979.0;0.27749794591505;74
887;Fahrradbeleuchtung;12.0;68197.0;0.257196064343006;74
888;Trekkingsandalen;1.0;25949.0;0.193880303672589;75
889;Trekkingsandalen;2.0;27387.0;0.199693285135283;75
890;Trekkingsandalen;3.0;37763.0;0.203426634536451;75
891;Trekkingsandalen;4.0;54522.0;0.196562855361139;75
892;Trekkingsandalen;5.0;59141.0;0.197527941698652;75
893;Trekkingsandalen;6.0;143487.0;0.189341194672688;75
894;Trekkingsandalen;7.0;138619.0;0.184296525007394;75
895;Trekkingsandalen;8.0;104215.0;0.189291368804875;75
896;Trekkingsandalen;9.0;45445.0;0.177379249642425;75
897;Trekkingsandalen;10.0;24993.0;0.173088464770136;75
898;Trekkingsandalen;11.0;18129.0;0.17877433945612;75
899;Trekkingsandalen;12.0;14633.0;0.164559557165311;75
900;Gartenstühle;1.0;20061.0;0.205672698270276;76
901;Gartenstühle;2.0;45057.0;0.240406596089398;76
902;Gartenstühle;3.0;92144.0;0.229499479076229;76
903;Gartenstühle;4.0;113492.0;0.242915800232616;76
904;Gartenstühle;5.0;79982.0;0.240704158435648;76
905;Gartenstühle;6.0;87699.0;0.256422536174871;76
906;Gartenstühle;7.0;85651.0;0.233097103361315;76
907;Gartenstühle;8.0;75239.0;0.250189396456625;76
908;Gartenstühle;9.0;38458.0;0.209319257371678;76
909;Gartenstühle;10.0;23501.0;0.195481043359857;76
910;Gartenstühle;11.0;17523.0;0.180049078354163;76
911;Gartenstühle;12.0;13816.0;0.184134337000579;76
912;Kompressoren;1.0;51871.0;0.231709433016522;77
913;Kompressoren;2.0;49023.0;0.25233053872672;77
914;Kompressoren;3.0;68896.0;0.238344751509522;77
915;Kompressoren;4.0;61522.0;0.227187022528526;77
916;Kompressoren;5.0;60859.0;0.228084588967942;77
917;Kompressoren;6.0;51998.0;0.240528481864687;77
918;Kompressoren;7.0;55337.0;0.230677485226883;77
919;Kompressoren;8.0;50216.0;0.231838457862036;77
920;Kompressoren;9.0;53921.0;0.247046605218746;77
921;Kompressoren;10.0;63686.0;0.268771786577898;77
922;Kompressoren;11.0;71492.0;0.269246908745034;77
923;Kompressoren;12.0;53584.0;0.234286354135563;77
924;Spirituosen & Schnaps;1.0;55677.0;0.201178224401458;78
925;Spirituosen & Schnaps;2.0;45699.0;0.212521061730016;78
926;Spirituosen & Schnaps;3.0;51555.0;0.214140238580157;78
927;Spirituosen & Schnaps;4.0;47630.0;0.213793827419693;78
928;Spirituosen & Schnaps;5.0;51704.0;0.217468667801331;78
929;Spirituosen & Schnaps;6.0;46161.0;0.220987413617556;78
930;Spirituosen & Schnaps;7.0;55214.0;0.203843228166769;78
931;Spirituosen & Schnaps;8.0;54880.0;0.203043002915452;78
932;Spirituosen & Schnaps;9.0;49224.0;0.215565577766943;78
933;Spirituosen & Schnaps;10.0;60300.0;0.22469320066335;78
934;Spirituosen & Schnaps;11.0;75783.0;0.241822044521858;78
935;Spirituosen & Schnaps;12.0;96599.0;0.242859656932266;78
936;Herren-Shirts;1.0;16259.0;0.187034872993419;79
937;Herren-Shirts;2.0;17255.0;0.209446537235584;79
938;Herren-Shirts;3.0;26641.0;0.193010772868886;79
939;Herren-Shirts;4.0;41301.0;0.225272995811239;79
940;Herren-Shirts;5.0;61987.0;0.228402729604595;79
941;Herren-Shirts;6.0;104116.0;0.200833685504629;79
942;Herren-Shirts;7.0;120117.0;0.174962744657292;79
943;Herren-Shirts;8.0;103288.0;0.184784292463791;79
944;Herren-Shirts;9.0;56848.0;0.189839572192513;79
945;Herren-Shirts;10.0;42971.0;0.182006469479416;79
946;Herren-Shirts;11.0;47419.0;0.176342816170733;79
947;Herren-Shirts;12.0;50471.0;0.16145905569535;79
948;VR-Brillen;1.0;77844.0;0.191202918657828;80
949;VR-Brillen;2.0;40863.0;0.188703717299268;80
950;VR-Brillen;3.0;50260.0;0.202646239554318;80
951;VR-Brillen;4.0;36173.0;0.168551129295331;80
952;VR-Brillen;5.0;39560.0;0.188422649140546;80
953;VR-Brillen;6.0;46709.0;0.203130017769595;80
954;VR-Brillen;7.0;41843.0;0.195731663599646;80
955;VR-Brillen;8.0;43386.5;0.189060700370035;80
956;VR-Brillen;9.0;44930.0;0.203115958157133;80
957;VR-Brillen;10.0;47153.0;0.212542150022268;80
958;VR-Brillen;11.0;114395.0;0.213601993094104;80
959;VR-Brillen;12.0;107757.0;0.206937832344998;80
960;Augen-, Ohren- & Nasenmedikamente;1.0;66158.0;0.301067142295716;81
961;Augen-, Ohren- & Nasenmedikamente;2.0;60818.0;0.320036831201289;81
962;Augen-, Ohren- & Nasenmedikamente;3.0;63310.0;0.32917390617596;81
963;Augen-, Ohren- & Nasenmedikamente;4.0;61108.0;0.327943968056556;81
964;Augen-, Ohren- & Nasenmedikamente;5.0;60403.0;0.386669536281311;81
965;Augen-, Ohren- & Nasenmedikamente;6.0;50553.0;0.427966688426008;81
966;Augen-, Ohren- & Nasenmedikamente;7.0;49833.0;0.429273774406518;81
967;Augen-, Ohren- & Nasenmedikamente;8.0;48177.0;0.418706021545551;81
968;Augen-, Ohren- & Nasenmedikamente;9.0;48351.0;0.397385783127546;81
969;Augen-, Ohren- & Nasenmedikamente;10.0;53851.0;0.403985069915136;81
970;Augen-, Ohren- & Nasenmedikamente;11.0;60295.0;0.419786051911435;81
971;Augen-, Ohren- & Nasenmedikamente;12.0;56467.0;0.427099013583155;81
972;Geldbörsen;1.0;61264.0;0.234411726299295;82
973;Geldbörsen;2.0;44239.0;0.22787585614503;82
974;Geldbörsen;3.0;47938.0;0.230339188117986;82
975;Geldbörsen;4.0;42505.0;0.241430419950594;82
976;Geldbörsen;5.0;51574.0;0.24430914802032;82
977;Geldbörsen;6.0;39483.0;0.250664843097029;82
978;Geldbörsen;7.0;53262.0;0.241391611280087;82
979;Geldbörsen;8.0;56216.0;0.244040842464779;82
980;Geldbörsen;9.0;47533.0;0.238676288052511;82
981;Geldbörsen;10.0;47800.0;0.240313807531381;82
982;Geldbörsen;11.0;75173.0;0.232610112673433;82
983;Geldbörsen;12.0;108288.0;0.237958037825059;82
984;Trinkflaschen;1.0;71637.0;0.247716214874392;83
985;Trinkflaschen;2.0;34986.0;0.262219173383639;83
986;Trinkflaschen;3.0;44189.0;0.246758243001652;83
987;Trinkflaschen;4.0;46096.5;0.245166088249876;83
988;Trinkflaschen;5.0;48004.0;0.248625114573786;83
989;Trinkflaschen;6.0;54461.0;0.266502634913057;83
990;Trinkflaschen;7.0;62719.0;0.251741896395032;83
991;Trinkflaschen;8.0;71011.0;0.25988931292335;83
992;Trinkflaschen;9.0;68353.0;0.251298406799994;83
993;Trinkflaschen;10.0;54371.0;0.257361461072998;83
994;Trinkflaschen;11.0;68006.0;0.225656559715319;83
995;Trinkflaschen;12.0;77512.0;0.221191557436268;83
996;Rauchmelder;1.0;70847.5;0.296791680916011;84
997;Rauchmelder;2.0;64183.0;0.30802548961563;84
998;Rauchmelder;3.0;63957.0;0.302390668730553;84
999;Rauchmelder;4.0;45967.0;0.300868014010051;84
1000;Rauchmelder;5.0;49965.0;0.298829180426298;84
1001;Rauchmelder;6.0;33516.0;0.283536221506146;84
1002;Rauchmelder;7.0;42512.0;0.288930184418517;84
1003;Rauchmelder;8.0;43982.0;0.31151380110045;84
1004;Rauchmelder;9.0;50014.0;0.312552485304115;84
1005;Rauchmelder;10.0;56240.0;0.320003556187767;84
1006;Rauchmelder;11.0;67517.0;0.320482248915088;84
1007;Rauchmelder;12.0;63363.0;0.334832631030728;84
1008;Sanitärinstallation;1.0;67158.0;0.358051162929212;85
1009;Sanitärinstallation;2.0;57996.0;0.355990068280571;85
1010;Sanitärinstallation;3.0;63471.0;0.332230467457579;85
1011;Sanitärinstallation;4.0;52512.0;0.336456429006703;85
1012;Sanitärinstallation;5.0;53920.0;0.337017804154303;85
1013;Sanitärinstallation;6.0;42624.0;0.344266141141141;85
1014;Sanitärinstallation;7.0;54022.0;0.334845063122432;85
1015;Sanitärinstallation;8.0;54156.0;0.338189674274319;85
1016;Sanitärinstallation;9.0;57654.0;0.330523467582475;85
1017;Sanitärinstallation;10.0;53684.0;0.338462111616124;85
1018;Sanitärinstallation;11.0;45353.0;0.33750799285604;85
1019;Sanitärinstallation;12.0;54447.0;0.342222711995151;85
1020;Duschprodukte & Badprodukte;1.0;52890.0;0.330440536963509;86
1021;Duschprodukte & Badprodukte;2.0;43080.0;0.339113277623027;86
1022;Duschprodukte & Badprodukte;3.0;48927.0;0.341181760582092;86
1023;Duschprodukte & Badprodukte;4.0;44637.0;0.36053050160181;86
1024;Duschprodukte & Badprodukte;5.0;48087.0;0.361365857716223;86
1025;Duschprodukte & Badprodukte;6.0;43136.0;0.369111646884273;86
1026;Duschprodukte & Badprodukte;7.0;54659.0;0.366947803655391;86
1027;Duschprodukte & Badprodukte;8.0;50185.0;0.376307661651888;86
1028;Duschprodukte & Badprodukte;9.0;48684.0;0.375688111083724;86
1029;Duschprodukte & Badprodukte;10.0;54175.0;0.364079372404245;86
1030;Duschprodukte & Badprodukte;11.0;73703.0;0.362291901279459;86
1031;Duschprodukte & Badprodukte;12.0;82486.0;0.339209077904129;86
1032;Dünger;1.0;14660.0;0.176057298772169;87
1033;Dünger;2.0;43937.0;0.221043767212145;87
1034;Dünger;3.0;108475.0;0.213053699008988;87
1035;Dünger;4.0;107006.0;0.210988168887726;87
1036;Dünger;5.0;85301.0;0.206644705220337;87
1037;Dünger;6.0;60301.0;0.207840665992272;87
1038;Dünger;7.0;53661.0;0.194573340042116;87
1039;Dünger;8.0;49973.0;0.189922558181418;87
1040;Dünger;9.0;52320.0;0.21085626911315;87
1041;Dünger;10.0;39397.0;0.210269817498794;87
1042;Dünger;11.0;16678.0;0.16111044489747;87
1043;Dünger;12.0;12450.0;0.135502008032129;87
1044;WC;1.0;72377.0;0.299998618345607;88
1045;WC;2.0;62557.0;0.296961171411673;88
1046;WC;3.0;70651.0;0.291616537628625;88
1047;WC;4.0;54638.0;0.308942494234782;88
1048;WC;5.0;54674.0;0.292625379522259;88
1049;WC;6.0;40664.0;0.305823332677553;88
1050;WC;7.0;48973.0;0.304821023829457;88
1051;WC;8.0;54769.0;0.320856689002903;88
1052;WC;9.0;56981.0;0.311910987873151;88
1053;WC;10.0;55604.0;0.316577944032803;88
1054;WC;11.0;54707.0;0.302272130286315;88
1055;WC;12.0;53810.0;0.320386545251812;88
1056;Umhängetaschen;1.0;48267.0;0.227608925352725;89
1057;Umhängetaschen;2.0;36728.0;0.224297538662601;89
1058;Umhängetaschen;3.0;43493.0;0.220978088428023;89
1059;Umhängetaschen;4.0;44078.0;0.233331630307056;89
1060;Umhängetaschen;5.0;44663.0;0.228600855294091;89
1061;Umhängetaschen;6.0;39809.0;0.235424150317767;89
1062;Umhängetaschen;7.0;55499.0;0.236869132777167;89
1063;Umhängetaschen;8.0;57578.0;0.238042307825906;89
1064;Umhängetaschen;9.0;49598.0;0.232831969031009;89
1065;Umhängetaschen;10.0;52964.0;0.227324220225059;89
1066;Umhängetaschen;11.0;74986.0;0.227375776811672;89
1067;Umhängetaschen;12.0;91742.0;0.21533212705195;89
1068;Laserdrucker;1.0;67866.0;0.251024076857337;90
1069;Laserdrucker;2.0;52923.0;0.261209681990817;90
1070;Laserdrucker;3.0;56507.0;0.25189799493868;90
1071;Laserdrucker;4.0;47212.0;0.239494196390748;90
1072;Laserdrucker;5.0;48139.0;0.245622052805418;90
1073;Laserdrucker;6.0;36522.0;0.263074311373966;90
1074;Laserdrucker;7.0;43202.0;0.266445997870469;90
1075;Laserdrucker;8.0;44798.0;0.271775525693111;90
1076;Laserdrucker;9.0;52827.0;0.290306093474928;90
1077;Laserdrucker;10.0;54999.0;0.278823251331842;90
1078;Laserdrucker;11.0;70353.0;0.276391909371313;90
1079;Laserdrucker;12.0;58745.0;0.248004085454081;90
1080;Reinigungsmittel;1.0;51903.0;0.324509180586864;91
1081;Reinigungsmittel;2.0;50367.0;0.31312168681875;91
1082;Reinigungsmittel;3.0;62422.0;0.298260228765499;91
1083;Reinigungsmittel;4.0;60658.0;0.290810775165683;91
1084;Reinigungsmittel;5.0;57206.0;0.296157745691011;91
1085;Reinigungsmittel;6.0;43634.0;0.305220699454554;91
1086;Reinigungsmittel;7.0;51958.0;0.3048231263713;91
1087;Reinigungsmittel;8.0;52710.0;0.30618478467084;91
1088;Reinigungsmittel;9.0;48873.0;0.306283633089845;91
1089;Reinigungsmittel;10.0;52009.0;0.320482993328078;91
1090;Reinigungsmittel;11.0;54076.0;0.321880316591464;91
1091;Reinigungsmittel;12.0;46627.0;0.322817251806893;91
1092;Gin;1.0;45195.0;0.205487332669543;92
1093;Gin;2.0;38792.0;0.215508352237575;92
1094;Gin;3.0;45184.0;0.209078434844193;92
1095;Gin;4.0;46865.0;0.1980795903126;92
1096;Gin;5.0;51933.0;0.22421196541698;92
1097;Gin;6.0;52986.0;0.22668251991092;92
1098;Gin;7.0;62765.0;0.218816219230463;92
1099;Gin;8.0;51507.0;0.223950142699051;92
1100;Gin;9.0;42216.0;0.22588592003032;92
1101;Gin;10.0;43719.0;0.253573960978064;92
1102;Gin;11.0;68530.0;0.231139646869984;92
1103;Gin;12.0;78719.0;0.231379971798422;92
1104;Plattenspieler;1.0;75614.0;0.222366228476208;93
1105;Plattenspieler;2.0;50103.0;0.225774903698381;93
1106;Plattenspieler;3.0;54659.0;0.230410362428877;93
1107;Plattenspieler;4.0;40990.0;0.221980970968529;93
1108;Plattenspieler;5.0;42223.0;0.230040499253961;93
1109;Plattenspieler;6.0;36850.0;0.217232021709634;93
1110;Plattenspieler;7.0;35887.0;0.215760581826288;93
1111;Plattenspieler;8.0;35782.0;0.219356100832821;93
1112;Plattenspieler;9.0;40314.0;0.219129830828;93
1113;Plattenspieler;10.0;61637.5;0.23765705184923;93
1114;Plattenspieler;11.0;82961.0;0.236086835983173;93
1115;Plattenspieler;12.0;86708.0;0.239943257830881;93
1116;Pflege-Geschenksets;1.0;48004.0;0.288621781518207;94
1117;Pflege-Geschenksets;2.0;44873.0;0.299142385061239;94
1118;Pflege-Geschenksets;3.0;41742.0;0.29282257678118;94
1119;Pflege-Geschenksets;4.0;40502.0;0.293220087896894;94
1120;Pflege-Geschenksets;5.0;44874.0;0.313277176093061;94
1121;Pflege-Geschenksets;6.0;35067.0;0.309464738928337;94
1122;Pflege-Geschenksets;7.0;39027.0;0.324365183078382;94
1123;Pflege-Geschenksets;8.0;33955.0;0.307289059048741;94
1124;Pflege-Geschenksets;9.0;33731.0;0.297322937357327;94
1125;Pflege-Geschenksets;10.0;47736.0;0.309472934472934;94
1126;Pflege-Geschenksets;11.0;96977.0;0.331160996937418;94
1127;Pflege-Geschenksets;12.0;125064.0;0.319924198810209;94
1128;Schmerzmittel;1.0;58183.0;0.343880514927041;95
1129;Schmerzmittel;2.0;48637.0;0.361391533194893;95
1130;Schmerzmittel;3.0;52331.0;0.351760906537234;95
1131;Schmerzmittel;4.0;48094.0;0.347610928598162;95
1132;Schmerzmittel;5.0;46597.0;0.374905649422284;95
1133;Schmerzmittel;6.0;45100.0;0.411441241685144;95
1134;Schmerzmittel;7.0;48538.0;0.418702871976596;95
1135;Schmerzmittel;8.0;53018.0;0.41525519634841;95
1136;Schmerzmittel;9.0;53821.0;0.381170918414745;95
1137;Schmerzmittel;10.0;52883.0;0.380367982149273;95
1138;Schmerzmittel;11.0;56052.0;0.394651395133091;95
1139;Schmerzmittel;12.0;53256.0;0.417905963647289;95
1140;Kaffee & Espresso;1.0;61684.0;0.29576551455807;96
1141;Kaffee & Espresso;2.0;48629.0;0.316045980793354;96
1142;Kaffee & Espresso;3.0;61846.0;0.292371374058144;96
1143;Kaffee & Espresso;4.0;50124.0;0.30296863777831;96
1144;Kaffee & Espresso;5.0;53033.0;0.333773310957328;96
1145;Kaffee & Espresso;6.0;36225.0;0.312850241545894;96
1146;Kaffee & Espresso;7.0;48776.0;0.306605707725111;96
1147;Kaffee & Espresso;8.0;49368.0;0.31883001134338;96
1148;Kaffee & Espresso;9.0;48974.0;0.303936782782701;96
1149;Kaffee & Espresso;10.0;51311.0;0.291399504979439;96
1150;Kaffee & Espresso;11.0;57607.0;0.311559359105664;96
1151;Kaffee & Espresso;12.0;53651.0;0.299397960895417;96
1152;Rennräder;1.0;39648.0;0.233353510895884;97
1153;Rennräder;2.0;39116.0;0.244247878106146;97
1154;Rennräder;3.0;48497.0;0.238241540713859;97
1155;Rennräder;4.0;51525.0;0.243493449781659;97
1156;Rennräder;5.0;54351.0;0.258376110835127;97
1157;Rennräder;6.0;55785.0;0.270520749305369;97
1158;Rennräder;7.0;73452.0;0.235201219844252;97
1159;Rennräder;8.0;76548.0;0.234545644562889;97
1160;Rennräder;9.0;60586.0;0.235235863070676;97
1161;Rennräder;10.0;47258.0;0.24313343772483;97
1162;Rennräder;11.0;38973.0;0.230877787186001;97
1163;Rennräder;12.0;30723.0;0.206229860365199;97
1164;Sportbrillen;1.0;48483.0;0.178289297279459;98
1165;Sportbrillen;2.0;48266.0;0.236046077984503;98
1166;Sportbrillen;3.0;58190.0;0.222718680185599;98
1167;Sportbrillen;4.0;64422.0;0.227049765608022;98
1168;Sportbrillen;5.0;60738.0;0.246155619216965;98
1169;Sportbrillen;6.0;68124.0;0.255181727438201;98
1170;Sportbrillen;7.0;73348.0;0.250490810928723;98
1171;Sportbrillen;8.0;59943.0;0.250938391471898;98
1172;Sportbrillen;9.0;38954.0;0.24241412948606;98
1173;Sportbrillen;10.0;29349.0;0.24764046475178;98
1174;Sportbrillen;11.0;29479.0;0.255910987482615;98
1175;Sportbrillen;12.0;32006.0;0.23495594576017;98
1176;Kamerataschen;1.0;50189.0;0.269680607304389;99
1177;Kamerataschen;2.0;52012.0;0.28308979838439;99
1178;Kamerataschen;3.0;53835.0;0.259459459459459;99
1179;Kamerataschen;4.0;51620.0;0.257458349476947;99
1180;Kamerataschen;5.0;49685.0;0.271872798631378;99
1181;Kamerataschen;6.0;43159.0;0.261150629069256;99
1182;Kamerataschen;7.0;51005.0;0.261641015586707;99
1183;Kamerataschen;8.0;49831.0;0.26790552065983;99
1184;Kamerataschen;9.0;44857.0;0.255099538533562;99
1185;Kamerataschen;10.0;46649.0;0.244635469141889;99
1186;Kamerataschen;11.0;57777.0;0.253093791647195;99
1187;Kamerataschen;12.0;63997.0;0.268684469584512;99
1188;Modelleisenbahnen;1.0;61563.0;0.201955720156588;100
1189;Modelleisenbahnen;2.0;46386.0;0.2217048247316;100
1190;Modelleisenbahnen;3.0;46734.0;0.215260837933838;100
1191;Modelleisenbahnen;4.0;36781.0;0.211386313585819;100
1192;Modelleisenbahnen;5.0;35983.0;0.224300364060807;100
1193;Modelleisenbahnen;6.0;28738.0;0.221657735402603;100
1194;Modelleisenbahnen;7.0;33594.0;0.221914627612074;100
1195;Modelleisenbahnen;8.0;35991.0;0.219804951237809;100
1196;Modelleisenbahnen;9.0;39150.0;0.221455938697318;100
1197;Modelleisenbahnen;10.0;58843.0;0.232211138113285;100
1198;Modelleisenbahnen;11.0;84046.0;0.237607976584251;100
1199;Modelleisenbahnen;12.0;98304.0;0.240041097005208;100
